,file_name,eye_ratio,eye_white_ratio,mouth_ratio,X,y_output
0,train35.jpg,3.802629759044045,5.391608391608392,2.96689986391432,-0.05085871741677277,1
1,train37.jpg,12.579608677037502,10.0,4.45524635727208,-4.812531760605848,0
2,train82.jpg,2.774947500293681,0.3786645127374463,2.6850243956493167,14.749036494171849,0
3,train76.jpg,3.396894088820796,10.0,3.2398382249948736,13.005216329966832,1
4,train80.jpg,4.386675525689974,0.4263388652701142,2.8987742094194684,7.214415631838071,0
5,train25.jpg,3.835831772783412,10.0,2.7065216636064338,11.381274806473227,1
6,train10.jpg,16.1761725065544,5.625,1.218318473912697,-8.186165738086876,0
7,train47.jpg,3.0855247992033705,10.0,4.209455094798131,3.1083413309131767,1
8,train24.jpg,3.3960201425096344,10.0,3.259411354253652,12.050983339400187,1
9,train96.jpg,3.751713928322704,2.032362916902205,2.5432489570310985,-4.9454029717317525,1
10,train110.jpg,4.0254006387641645,10.0,3.80058475033046,5.620165009551625,1
11,train10.jpg,3.5672055429144067,0.9900020761425272,3.967920140817157,16.012959555054422,1
12,train113.jpg,7.0778470752104745,10.0,2.569332712638691,3.9693423053856938,1
13,train71.jpg,2.556295630021969,0.4240805651741857,2.6714584246759867,17.633312703914896,0
14,train72.jpg,2.8726992835017784,0.36474022737721135,3.180952307650581,22.044505896807713,0
15,train37.jpg,3.4071054078535186,10.0,3.3147857967067464,-3.103706718606488,1
16,train23.jpg,2.4974013956867545,10.0,2.476968142516028,-7.0421389509472565,0
17,train134.jpg,3.002571561337372,2.4363980716253444,3.0645161290322585,4.633199843086622,1
18,train51.jpg,14.761336275921895,10.0,2.8443107068921316,6.246544577909309,0
19,train41.jpg,2.9561611743761347,10.0,2.7,-10.599912505104351,1
20,train31.jpg,3.4700290427007348,10.0,3.9710490766585558,-12.351233650776653,1
21,train29.jpg,4.093736747221976,10.0,4.816637831516919,-3.696494861519291,1
22,train21.jpg,2.7205153992878937,1.232538242157117,2.99698189058404,10.306514225179658,1
23,train22.jpg,2.333893905727461,2.6177200822870117,1.9213555180328656,41.08892072947077,1
24,train74.jpg,4.350769869266307,1.2930444699643169,2.7838188971718902,7.857520566624952,0
25,train15.jpg,3.023095728562226,1.2763934426229508,1.9300394653356097,44.343727831638795,0
26,train79.jpg,5.614468880669613,2.307235505547742,2.6750779752299603,-7.220758855244508,0
27,train99.jpg,3.9015924642420177,0.7954545454545454,2.4858784839035666,13.913837652982073,1
28,train77.jpg,2.372386874769585,2.5234073387852867,2.722322306125762,-0.0645406192898408,0
29,train103.jpg,3.492025678727652,5.561538461538461,2.566666666666667,2.2793675401591647,1
30,train67.jpg,3.9315199276138033,10.0,2.60768096208106,5.108809018747035,1
31,train79.jpg,2.8608533414042783,0.7803738317757009,3.080941583325032,1.4963807637037698,1
32,train8.jpg,2.880068147992091,0.9896135265700484,2.912285178116609,-0.1331018849238948,1
33,train68.jpg,2.5006650493028744,2.652158910912282,2.769534294188461,2.3135606951668666,0
34,train39.jpg,2.8035668847618203,10.0,3.2241373618993125,0.2711820558049025,1
35,train12.jpg,3.358939691292134,1.4422259815878506,3.6957571199491968,12.144024330992055,1
36,train112.jpg,4.228931613156737,5.728448275862068,2.9668539266742173,-4.47031936541499,1
37,train64.jpg,5.330774103050131,10.0,3.180935180706016,3.5860725124109214,0
38,train64.jpg,4.411106162996523,10.0,3.8741675637389,-10.307650607815438,1
39,train51.jpg,2.674561814893176,10.0,2.0012751037317,-12.525781325794995,1
40,train22.jpg,5.246466622197864,10.0,4.527692569068708,-21.781897497726632,0
41,train130.jpg,3.7299041488394686,0.7016129032258065,3.443874848568504,21.704177091128997,1
42,train84.jpg,3.4772727272727275,0.7340453586497891,3.4760637030878083,-12.733359952096169,1
43,train81.jpg,2.8758829247678865,0.8694444444444445,2.930104211258723,-8.217087332813861,1
44,train48.jpeg,3.473632716279256,1.2872500806191551,2.8481579436982685,-8.123624177639625,1
45,train34.jpg,2.6371224646162137,10.0,5.755432216610669,-35.18041808614588,0
46,train69.jpg,2.5312980983172193,2.688983623845231,2.7496920742200155,-0.32879778767410484,0
47,train89.jpg,3.091135766679914,1.0173281623402786,3.1308290653997486,-5.299367447920676,1
48,train80.jpg,3.543537477185287,10.0,2.8610429934395043,-1.2512240385152604,1
49,train3.jpg,7.2330744794821795,10.0,3.3739353121312012,22.425996029685205,0
50,train126.jpg,3.3712433710187955,1.0758174779672185,3.0,-4.105994482899058,1
51,train125.jpg,3.3435607278387183,2.2351042701092347,3.2006943691087475,11.112138225443132,1
52,train36.jpg,3.2273232063869064,10.0,4.860241888991967,-4.94765861921542,1
53,train38.jpg,3.1349999236496986,10.0,3.4444444444444446,-9.29328210702406,1
54,train27.jpg,2.790317375324893,10.0,4.004714203168136,-2.1347594647561183,1
55,train124.jpg,4.091769469401906,0.967073667073667,2.6927098218732084,3.558107859289413,1
56,train44.jpg,3.1315310574080915,0.4748860182370821,3.0754750155278665,-31.34821754151163,0
57,train118.jpg,3.3281008808890005,1.2706751824817517,2.7856897016886077,11.221247671298638,1
58,train62.jpg,3.4707737854335536,10.0,5.448977704550768,7.580150078574675,1
59,train18.jpg,2.5760537879149474,10.0,2.197769023179024,-42.821614891676795,0
60,train30.jpg,4.4504842454462405,10.0,3.3667878037688888,9.629006851026382,1
61,train60.jpg,6.025526041150996,10.0,5.066678682994644,11.904330067563336,1
62,train66.jpg,3.406925965707705,5.740384615384616,4.17612260356422,9.96828751427929,1
63,train6.jpg,3.0051993223490365,10.0,2.6477123376298586,-12.352028663057885,1
64,train84.jpg,2.6105194292136558,2.8695559665272734,1.467300841130463,-36.78767162061658,0
65,train61.jpg,2.323363942985742,10.0,4.4492604292564115,-3.660297683887925,1
66,train75.jpg,4.962780432942445,1.1035557021845204,1.9081411497937155,7.316767562827094,0
67,train18.jpg,3.409705047574705,0.9374203665588552,3.606570800799073,-4.766752244299288,1
68,train81.jpg,2.8422545770606757,0.35583036888544217,2.7035906765860505,13.367448619721694,0
69,train91.jpg,3.0403834149615987,1.196338383838384,3.68054231772674,-0.5140907577477688,1
70,train54.jpg,2.7206906325745552,10.0,3.431546328418375,18.536457966667573,1
71,train21.jpg,2.3197520761868367,10.0,1.2878418324335696,-48.53355192311616,0
72,train46.jpg,3.570542590698363,10.0,3.4064586297267145,20.470243661160612,1
73,train75.jpg,3.1726324992364896,10.0,1.9572639967416698,-13.293606173809474,1
74,train9.jpg,3.2666881369922405,10.0,3.7850922151148554,0.20611056440009773,1
75,train135.jpg,3.478323011227734,0.7798523132918037,3.0645161290322585,18.268096277660735,1
76,train98.jpg,3.1269079666752093,1.079807795554601,3.16,-0.3318223070618915,1
77,train97.jpg,2.8486959740768265,1.0695098310717253,3.3881034935519416,-1.7844704873232282,1
78,train60.jpg,5.565485526253385,10.0,3.3688744512808952,-3.3465512458658435,0
79,train43.jpg,2.5984487729943018,10.0,2.773500981126145,16.11214527735015,1
80,train87.jpg,6.161669010457635,1.0723589651455263,1.3864105828795543,18.667922565043945,0
81,train9.jpg,2.7025807995511872,10.0,3.07001628660175,-29.841382453669304,0
82,train133.jpg,3.0057860904609486,2.960912555361005,3.063601619932802,11.685851726317622,1
83,train3.jpg,2.423665385367606,0.8183962264150944,1.122677282489635,-29.20770856886841,1
84,train59.jpg,3.903525351064333,10.0,3.6690901082178704,3.660361891765551,1
85,train66.jpg,4.1319890449989485,0.9934417867815608,2.7863040847887093,6.369684468937267,0
86,train28.jpg,2.5831215094304816,1.0358516483516484,2.8439113305433215,-0.9859700228761664,1
87,train26.jpg,2.7443432807804173,10.0,3.4403583496157037,-15.618333578267071,1
88,train83.jpg,3.0247185015154154,1.0317388619054344,1.2873828460910963,12.032788487367293,0
89,train20.jpg,2.9587408996158264,10.0,3.140995647646871,25.3563147071552,0
90,train86.jpg,3.4798184181122087,0.99689437649566,2.7103363401841984,7.346589613514867,0
91,train11.jpg,3.5715474190985512,0.7445718654434251,2.6995941624576294,-0.7720747744433906,1
92,train40.jpg,2.7,5.125,2.5031230493125984,-9.393428675318924,1
93,train14.jpg,3.0862745950473647,3.217657930107527,1.4440547488398972,-44.84148524506353,0
94,train83.jpg,4.450030866778602,0.559789159927236,2.753886820014516,-8.891223446508603,1
95,train70.jpg,2.6431777460846977,3.2267027552015297,2.550303933150017,-26.383722335564627,0
96,train77.jpg,4.128902442735175,10.0,4.093146241443879,1.7045515929759252,1
97,train127.jpg,3.370191732790417,1.8251618871415356,2.9693193563789153,15.371962417156222,1
98,train122.jpg,3.166519489464,2.0091296409007917,3.1225404829013046,4.828178176105647,1
99,train27.jpg,3.591198508899016,10.0,2.5298221281347044,36.613416006196644,0
100,train23.jpg,2.3473122510338724,10.0,3.16227766016838,43.65631200691991,1
101,train85.jpg,4.6033778075886325,10.0,3.3638646929978733,1.2732489595848409,1
102,train65.jpg,2.7331000726481425,10.0,3.50142828000232,-1.966298126044564,1
103,train69.jpg,2.399224658479364,10.0,2.929442379201411,7.962623358311952,1
104,train52.jpg,2.6726573594664083,2.486940298507463,2.760027441763929,-36.726843608227355,0
105,train114.jpg,2.9557825773486233,10.0,3.667087517935389,-4.702884669563873,1
106,train2.jpg,3.0847017078086716,2.3154761904761907,3.372753279446166,-24.360173541809637,0
107,train90.jpg,2.791834660772605,3.21767113300956,3.233427930196571,-1.4064359575735732,0
108,train89.jpg,2.6836268857210266,0.4734081129478491,2.7796564541090305,18.290933779976946,0
109,train88.png,3.1326348152149475,10.0,2.8517538463198395,4.684670534545823,1
110,train49.jpg,2.424657557976735,10.0,2.1296474426741376,-11.31179267300416,1
111,train121.jpg,2.812486825670543,0.8550670853554097,2.8484848484848486,25.590879334739434,1
112,train55.jpg,3.271526864525458,10.0,3.7407356827602594,8.584140637694762,1
113,train4.jpg,2.7064953418731843,10.0,2.1837112999026025,-3.5652712270603715,1
114,train57.jpg,2.9208800831657182,10.0,5.006246098625198,-3.5908026422232564,1
115,train31.jpg,14.017834423809099,10.0,6.795327114145079,-3.7556065298615002,0
116,train104.png,4.116540154125797,10.0,2.9377457675150387,-0.63423521057708,1
117,train32.jpg,2.7609554428184944,10.0,3.0690257279662747,-16.607578085507946,1
118,train58.jpg,2.2961735534565197,10.0,2.802050168807627,6.028035617450737,1
119,train56.jpg,3.0836087637410485,10.0,3.0702075657265087,-43.65457739547402,0
120,train90.jpg,2.8246595396520053,1.1043227187882236,1.5058267720213878,-11.79416147388443,1
121,train67.jpg,3.4832175977899014,1.0003336451429452,1.6657500917488532,7.620939629928556,0
122,train87.jpg,2.5049738360313523,10.0,2.643822217617393,15.26829749832168,1
123,train13.jpg,3.399306459698168,1.1531368102796675,3.3548088689857543,9.423117747073967,1
124,train93.jpg,3.5846194796694797,1.3566932270916334,2.3464043354915,-5.354698737692272,1
125,train30.jpg,4.328464564264738,10.0,1.7248787237282068,-42.55372128941317,0
126,train78.jpg,2.9801989723187834,3.4826366413427365,2.7288687932602578,1.1982584000053784,0
127,train106.jpg,3.4671902635994702,10.0,5.491251783869152,33.285074566273856,1
128,train34.jpg,4.731975364070778,10.0,3.7611622490148755,4.662035779947084,1
129,train16.jpg,3.1559399733029254,0.7291438066275826,2.4431380268875458,-22.41508160088673,1
130,train4.jpg,2.8001820692100248,13.5,2.3048433437257114,-52.197385121004665,0
131,train117.jpg,3.155673313356228,1.560120131052057,2.997125059234208,6.832222396926763,1
132,train88.jpg,3.5856566645712817,1.0403057678943712,2.9622687339123632,15.20753876665226,0
133,train100.jpg,3.4072577714488785,0.9660581556807972,3.384694055029767,0.9632697245354576,1
134,train91.jpg,2.8922737858117795,0.3884323843156178,4.870601908525719,29.816051657528075,0
135,train70.jpg,3.6791620472966136,10.0,3.650927045653326,22.75819749249144,1
136,train95.jpg,3.0745776565208205,1.8666107382550337,2.3711529449811346,-30.23561717195384,1
137,train53.jpg,2.707061744871877,10.0,4.384062043356595,16.32772403657021,1
138,train43.jpg,5.8042178485099365,10.0,2.8811070569854884,4.792099693475045,0
139,train56.jpg,2.9189832675241503,0.5535955056179775,4.746050990033714,23.91815504089524,1
140,train85.jpg,2.901135864264451,0.3833259686645585,1.4905893312440035,27.61785168616966,0
141,train42.jpg,3.2873797236315543,1.073115386984825,2.7163137992024606,7.131197574305286,1
142,train15.jpg,2.665360044446349,0.8804012345679013,3.311031082498063,1.9599105559170005,1
143,train20.jpg,3.084728925392362,5.285714285714286,2.5010202000016566,-9.951858099387614,1
144,train86.jpg,2.8575976905169336,1.139324880555042,3.347468106670056,-18.99993767512417,1
145,train76.jpg,5.277085112575749,1.082729499526805,1.7129764365447542,13.003193314966893,0
146,train52.jpg,2.366036821185507,10.0,2.251542681017716,-14.35604913798286,1
147,train108.jpg,2.8144254017251176,1.1436161311914324,4.6112953650596085,31.522824929339016,1
148,train5.jpg,2.968575133594694,10.0,2.083543912341912,44.38761008689117,1
149,train7.jpg,2.7671593925241327,1.1030646419232004,3.250589361721369,-7.566852402583732,1
150,train102.jpg,4.014990045629115,1.2298746936699496,3.0613568789989283,19.828924274806702,1
151,train111.jpg,3.3374973990834644,10.0,2.0,-4.352416836246353,1
152,train72.jpg,2.5745417940195807,10.0,3.8,-16.649813374573213,1
153,train115.png,2.770615267947158,1.0760233918128654,2.198605424967492,26.609380013856235,1
154,train19.jpg,2.59240127480798,10.0,2.2560530935900545,-3.925367618546898,1
155,train120.jpg,3.093051421456188,1.3510869565217392,2.7769656932591844,14.870557209251373,1
156,train44.jpg,2.4124763874381934,10.0,3.297163497419088,14.454994678657416,1
157,train63.jpg,2.7722705713202536,10.0,3.0990257172278524,9.89109443337492,1
158,train116.jpg,2.6633740395469894,1.323902782535876,4.362699757176825,-16.203560671376213,1
159,train73.jpg,2.5905198999325183,0.461687272183215,1.9572560515481408,26.365723882346717,0
160,train2.jpg,3.7091193479436164,5.55982905982906,2.589787802949159,-10.000626019446774,1
161,train1.jpg,3.0587539979592413,0.493987493987494,3.2566705049448554,25.915864085205875,0
162,train105.jpg,3.3738115578631134,1.3155172413793104,2.297844919071991,6.264988850685698,1
163,train74.jpg,5.420136213831659,10.0,3.5355339059327378,3.3586362188272187,1
164,train17.jpg,2.5811263896544667,1.1067030260380015,2.655172413793104,-8.258134232741918,1
165,train94.jpg,3.739168142456694,1.1453216879972328,2.617367214637784,-5.683713075127237,1
166,train109.jpg,3.905447196589369,0.6842703569363402,3.449367924610824,23.045406868753734,1
167,train123.jpg,3.358652737502832,1.4371841054424617,3.1564046991791157,11.429895372930648,1
168,train45.jpg,3.632359972367704,10.0,2.8461538461538463,-4.5671226704297165,1
169,train50.jpg,2.5389821423828205,10.0,2.455486054675506,9.456227090532373,1
